155|Đã hủy
156|Đã hủy
157|Đã hủy “%@”
158|Diễn viên
159|Có thể xem lại
160|Có thể xem lại trong %lld ngày
161|Xem lại: %lld ngày
162|Danh mục
163|Danh mục và kênh
164|Đổi kênh
165|Để đổi hoặc hủy gói, vào Cài đặt ▸ Người dùng và tài khoản ▸ Tài khoản Apple của bạn ▸ Gói đăng ký.
166|Đổi mã PIN
167|Lướt kênh
168|Chuyển kênh lên/xuống
169|Kênh
170|Chỉ có thể ghi các kênh trong danh sách này khi chúng đang phát sóng.
171|Không thể ghi hình các kênh thuộc danh sách phát này.
172|Đang kiểm tra danh sách phát trên iCloud…
173|Đang kiểm tra…
174|Hồ sơ trẻ em
175|Hồ sơ trẻ em ẩn những danh mục bị hạn chế khi duyệt và tìm kiếm. Nếu đã đặt mã PIN kiểm soát của phụ huynh, bạn cần nhập mã để rời hồ sơ trẻ em.
176|Chọn mã PIN gồm 4 chữ số.
177|Chọn một danh mục trong danh sách
178|Chọn một danh mục ở thanh bên
179|Chọn hồ sơ mỗi khi mở Lume. Nếu tắt, ứng dụng sẽ dùng lại hồ sơ gần nhất.
180|Chọn thời lượng ghi hình.
181|Chọn tệp trên thiết bị…
182|Chọn những mục sẽ hiện trên Trang chủ và sắp xếp thứ tự.
183|Xóa
184|Xóa dữ liệu chẩn đoán
185|Xóa bộ nhớ đệm hình ảnh
186|Xóa chỉ mục
187|Xóa bộ nhớ đệm thông tin phim
188|Xóa danh sách xem gần đây
189|Xóa nhật ký chẩn đoán?
190|Xóa lịch sử xem
191|Pha phá bóng
192|Xóa bộ nhớ đệm giúp giải phóng dung lượng. Hình ảnh và thông tin sẽ tự tải lại khi cần. Danh sách phát, video tải xuống, lịch sử xem và mục yêu thích không bị ảnh hưởng.
193|Độ dao động đồng hồ
194|Đồng bộ đồng hồ
195|Đóng
196|Đóng danh sách tập
197|Đóng thông tin
198|Đóng chế độ xem nhiều kênh
199|Đóng trình phát
200|Giải mã độ trễ thấp
201|Màu sắc
202|Thể thao đối kháng
203|Các ngôn ngữ phổ biến
204|Đã hoàn thành
205|Số lần thành công / số lần thử
206|Xác nhận mã PIN
207|Kết nối
208|Kết nối tài khoản Simkl
209|Kết nối với nhà cung cấp IPTV
210|Kết nối tài khoản Trakt
211|Đã kết nối
212|Dịch vụ đã kết nối
213|Đang kết nối…
214|Đội đua
215|Nội dung
216|Lập chỉ mục nội dung
217|Quản lý nội dung
218|Tiếp tục mà không đồng bộ
219|Phạt góc
220|Không thể hủy ghi hình
221|Không thể nhập dữ liệu từ Simkl. Vui lòng thử lại.
222|Không thể nhập dữ liệu từ Trakt. Vui lòng thử lại.
223|Không thể phát bản ghi
224|Không thể chuẩn bị báo cáo
225|Không thể kết nối đến máy chủ ghi hình. Hãy kiểm tra máy chủ đang chạy và dùng cùng mạng.
226|Không thể ghi hình
227|Không thể dừng ghi hình
228|Không thể cập nhật bản ghi
229|Tạo tài khoản
230|Người sáng tạo
231|Cricket
232|Tỷ lệ tạt bóng chính xác
233|Số pha tạt bóng
234|Lịch phát sóng tùy chỉnh
235|Hòa
236|Tối
237|Chỉ dành cho bản DEBUG. Force Premium giúp xem thử gói miễn phí và màn hình nâng cấp. Tính toán lại sẽ làm mới ngay mục Dành cho bạn, không cần chờ chu kỳ hằng ngày.
238|Số luồng giải mã
239|Bộ máy giải mã
240|Mặc định
241|Touchdown của hàng phòng ngự và đội đặc biệt
242|Bắt bóng bật bảng phòng ngự
243|Khử xen kẽ
244|Chế độ khử xen kẽ
245|Khử xen kẽ video
246|Khử xen kẽ giúp loại bỏ hiệu ứng răng lược khi cảnh chuyển động, thường gặp ở chương trình thể thao trực tiếp, mà vẫn tận dụng giải mã phần cứng.
247|Bị hoãn
248|Xóa
249|Xóa %@
250|Xóa video đã tải
251|Xóa danh sách phát
252|Xóa hồ sơ
253|Xóa hồ sơ này?
254|Xóa nguồn lịch phát sóng này
255|Xóa bản ghi này?
256|Mô tả sự cố tại đây.
257|Mô tả (không bắt buộc)
258|Thiết kế
259|Mức độ chi tiết
260|Ghi nhật ký chi tiết
261|Chi tiết
262|Nhà phát triển
263|Chẩn đoán
264|Dữ liệu chẩn đoán luôn được ghi trên thiết bị và chỉ được gửi ra ngoài khi bạn chủ động chia sẻ. Ghi nhật ký chi tiết sẽ thêm nhiều thông tin; chỉ bật khi được yêu cầu.
265|Dữ liệu chẩn đoán luôn được ghi trên thiết bị. Nhật ký chi tiết bổ sung thông tin chuyên sâu; chỉ bật khi được yêu cầu, tái hiện sự cố rồi gửi báo cáo.
266|Đạo diễn
267|Đã tắt
268|Ngắt kết nối
269|Discord
270|Xong
271|Gấp đôi
272|Tải xuống
273|Tải tập phim
274|Tải toàn bộ danh mục
275|Tải phim và tập phim để xem khi không có mạng. Tùy chọn tự xóa sẽ xóa tệp sau khi bạn xem xong.
276|Tải phụ đề cho nội dung chưa có phụ đề.
277|Hình ảnh đã tải sẽ bị xóa và tự tải lại khi cần.
278|Phim và tập phim đã tải sẽ xuất hiện tại đây để xem ngoại tuyến.
279|Đang tải danh sách phát
280|Nội dung đã tải
281|Kéo để đổi thứ tự — các mục đầu sẽ được ưu tiên hiển thị trên Trang chủ.
282|Kéo để sắp xếp các kênh yêu thích; thứ tự này sẽ dùng trong mục Yêu thích. Chạm biểu tượng trái tim để bỏ kênh. Đặt lại sẽ khôi phục thứ tự của nhà cung cấp.
283|Kéo để sắp xếp mục yêu thích gồm kênh, phim lẻ và phim bộ — bạn có thể đặt phim lên trên kênh. Chạm trái tim để bỏ mục. Đặt lại sẽ khôi phục thứ tự mặc định.
284|Hòa %lld trận
285|Tay đua
286|Các lượt chạy
287|Bỏ khung hình đến muộn
288|Ví dụ: http://192.168.1.10:8080/Movies/
289|Ví dụ: http://192.168.1.10:8096
290|Ví dụ: http://example.com:8080
291|Ví dụ: http://example.com:8080/c/
292|Ví dụ: http://example.com/guide.xml
293|Ví dụ: http://example.com/playlist.m3u
294|Ví dụ: IPTV của tôi
295|Ví dụ: Máy chủ media của tôi
296|T%lld
297|Mỗi hồ sơ có lịch sử xem, tiến độ và mục yêu thích riêng, được đồng bộ giữa các thiết bị của bạn.
298|Mỗi hồ sơ lưu lịch sử xem, tiến độ và mục yêu thích riêng, được đồng bộ trên các thiết bị của bạn.
299|Mỗi hồ sơ lưu lịch sử xem, tiến độ và mục yêu thích riêng. Hồ sơ được đồng bộ giữa các thiết bị qua iCloud.
300|Trước đó
301|Chỉnh sửa
302|Chỉnh sửa %@
303|Sửa danh sách phát
304|Sửa hồ sơ
